<annotation>
	<folder>my-project-name</folder>
	<filename>0001.jpg</filename>
	<path>/my-project-name/0001.jpg</path>
	<source>
		<database>Unspecified</database>
	</source>
	<size>
		<width>1024</width>
		<height>1024</height>
		<depth>3</depth>
	</size>
	<object>
		<name>WEED</name>
		<pose>Unspecified</pose>
		<truncated>0</truncated>
		<difficult>0</difficult>
		<bndbox>
			<xmin>323</xmin>
			<ymin>401</ymin>
			<xmax>605</xmax>
			<ymax>746</ymax>
		</bndbox>
	</object>
	<object>
		<name>WEED</name>
		<pose>Unspecified</pose>
		<truncated>0</truncated>
		<difficult>0</difficult>
		<bndbox>
			<xmin>129</xmin>
			<ymin>0</ymin>
			<xmax>286</xmax>
			<ymax>114</ymax>
		</bndbox>
	</object>
	<object>
		<name>WEED</name>
		<pose>Unspecified</pose>
		<truncated>0</truncated>
		<difficult>0</difficult>
		<bndbox>
			<xmin>356</xmin>
			<ymin>56</ymin>
			<xmax>484</xmax>
			<ymax>173</ymax>
		</bndbox>
	</object>
</annotation>