<annotation>
	<folder>my-project-name</folder>
	<filename>0002.jpg</filename>
	<path>/my-project-name/0002.jpg</path>
	<source>
		<database>Unspecified</database>
	</source>
	<size>
		<width>1024</width>
		<height>1024</height>
		<depth>3</depth>
	</size>
	<object>
		<name>WEED</name>
		<pose>Unspecified</pose>
		<truncated>0</truncated>
		<difficult>0</difficult>
		<bndbox>
			<xmin>479</xmin>
			<ymin>0</ymin>
			<xmax>981</xmax>
			<ymax>240</ymax>
		</bndbox>
	</object>
	<object>
		<name>WEED</name>
		<pose>Unspecified</pose>
		<truncated>0</truncated>
		<difficult>0</difficult>
		<bndbox>
			<xmin>132</xmin>
			<ymin>282</ymin>
			<xmax>237</xmax>
			<ymax>481</ymax>
		</bndbox>
	</object>
	<object>
		<name>WEED</name>
		<pose>Unspecified</pose>
		<truncated>0</truncated>
		<difficult>0</difficult>
		<bndbox>
			<xmin>748</xmin>
			<ymin>679</ymin>
			<xmax>1023</xmax>
			<ymax>935</ymax>
		</bndbox>
	</object>
</annotation>