<annotation>
	<folder>my-project-name</folder>
	<filename>0006.jpg</filename>
	<path>/my-project-name/0006.jpg</path>
	<source>
		<database>Unspecified</database>
	</source>
	<size>
		<width>1024</width>
		<height>1024</height>
		<depth>3</depth>
	</size>
	<object>
		<name>WEED</name>
		<pose>Unspecified</pose>
		<truncated>0</truncated>
		<difficult>0</difficult>
		<bndbox>
			<xmin>36</xmin>
			<ymin>105</ymin>
			<xmax>706</xmax>
			<ymax>404</ymax>
		</bndbox>
	</object>
	<object>
		<name>WEED</name>
		<pose>Unspecified</pose>
		<truncated>0</truncated>
		<difficult>0</difficult>
		<bndbox>
			<xmin>678</xmin>
			<ymin>665</ymin>
			<xmax>897</xmax>
			<ymax>980</ymax>
		</bndbox>
	</object>
	<object>
		<name>WEED</name>
		<pose>Unspecified</pose>
		<truncated>0</truncated>
		<difficult>0</difficult>
		<bndbox>
			<xmin>29</xmin>
			<ymin>602</ymin>
			<xmax>157</xmax>
			<ymax>954</ymax>
		</bndbox>
	</object>
</annotation>