<annotation>
	<folder>my-project-name</folder>
	<filename>0007.jpg</filename>
	<path>/my-project-name/0007.jpg</path>
	<source>
		<database>Unspecified</database>
	</source>
	<size>
		<width>1024</width>
		<height>1024</height>
		<depth>3</depth>
	</size>
	<object>
		<name>WEED</name>
		<pose>Unspecified</pose>
		<truncated>0</truncated>
		<difficult>0</difficult>
		<bndbox>
			<xmin>286</xmin>
			<ymin>518</ymin>
			<xmax>475</xmax>
			<ymax>739</ymax>
		</bndbox>
	</object>
	<object>
		<name>WEED</name>
		<pose>Unspecified</pose>
		<truncated>0</truncated>
		<difficult>0</difficult>
		<bndbox>
			<xmin>587</xmin>
			<ymin>802</ymin>
			<xmax>825</xmax>
			<ymax>970</ymax>
		</bndbox>
	</object>
	<object>
		<name>WEED</name>
		<pose>Unspecified</pose>
		<truncated>0</truncated>
		<difficult>0</difficult>
		<bndbox>
			<xmin>722</xmin>
			<ymin>280</ymin>
			<xmax>1024</xmax>
			<ymax>571</ymax>
		</bndbox>
	</object>
	<object>
		<name>WEED</name>
		<pose>Unspecified</pose>
		<truncated>0</truncated>
		<difficult>0</difficult>
		<bndbox>
			<xmin>531</xmin>
			<ymin>464</ymin>
			<xmax>675</xmax>
			<ymax>609</ymax>
		</bndbox>
	</object>
</annotation>