<annotation>
	<folder>my-project-name</folder>
	<filename>0009.jpg</filename>
	<path>/my-project-name/0009.jpg</path>
	<source>
		<database>Unspecified</database>
	</source>
	<size>
		<width>1024</width>
		<height>1024</height>
		<depth>3</depth>
	</size>
	<object>
		<name>WEED</name>
		<pose>Unspecified</pose>
		<truncated>0</truncated>
		<difficult>0</difficult>
		<bndbox>
			<xmin>750</xmin>
			<ymin>19</ymin>
			<xmax>1024</xmax>
			<ymax>630</ymax>
		</bndbox>
	</object>
	<object>
		<name>WEED</name>
		<pose>Unspecified</pose>
		<truncated>0</truncated>
		<difficult>0</difficult>
		<bndbox>
			<xmin>20</xmin>
			<ymin>142</ymin>
			<xmax>251</xmax>
			<ymax>406</ymax>
		</bndbox>
	</object>
</annotation>