<annotation>
	<folder>my-project-name</folder>
	<filename>0010.jpg</filename>
	<path>/my-project-name/0010.jpg</path>
	<source>
		<database>Unspecified</database>
	</source>
	<size>
		<width>1024</width>
		<height>1024</height>
		<depth>3</depth>
	</size>
	<object>
		<name>WEED</name>
		<pose>Unspecified</pose>
		<truncated>0</truncated>
		<difficult>0</difficult>
		<bndbox>
			<xmin>57</xmin>
			<ymin>569</ymin>
			<xmax>412</xmax>
			<ymax>1019</ymax>
		</bndbox>
	</object>
	<object>
		<name>WEED</name>
		<pose>Unspecified</pose>
		<truncated>0</truncated>
		<difficult>0</difficult>
		<bndbox>
			<xmin>850</xmin>
			<ymin>72</ymin>
			<xmax>993</xmax>
			<ymax>201</ymax>
		</bndbox>
	</object>
</annotation>