<annotation>
	<folder>my-project-name</folder>
	<filename>0011.jpg</filename>
	<path>/my-project-name/0011.jpg</path>
	<source>
		<database>Unspecified</database>
	</source>
	<size>
		<width>1024</width>
		<height>1024</height>
		<depth>3</depth>
	</size>
	<object>
		<name>WEED</name>
		<pose>Unspecified</pose>
		<truncated>0</truncated>
		<difficult>0</difficult>
		<bndbox>
			<xmin>55</xmin>
			<ymin>434</ymin>
			<xmax>556</xmax>
			<ymax>996</ymax>
		</bndbox>
	</object>
	<object>
		<name>WEED</name>
		<pose>Unspecified</pose>
		<truncated>0</truncated>
		<difficult>0</difficult>
		<bndbox>
			<xmin>692</xmin>
			<ymin>681</ymin>
			<xmax>1011</xmax>
			<ymax>1024</ymax>
		</bndbox>
	</object>
	<object>
		<name>WEED</name>
		<pose>Unspecified</pose>
		<truncated>0</truncated>
		<difficult>0</difficult>
		<bndbox>
			<xmin>706</xmin>
			<ymin>303</ymin>
			<xmax>909</xmax>
			<ymax>616</ymax>
		</bndbox>
	</object>
	<object>
		<name>WEED</name>
		<pose>Unspecified</pose>
		<truncated>0</truncated>
		<difficult>0</difficult>
		<bndbox>
			<xmin>122</xmin>
			<ymin>259</ymin>
			<xmax>314</xmax>
			<ymax>376</ymax>
		</bndbox>
	</object>
</annotation>