<annotation>
	<folder>my-project-name</folder>
	<filename>0013.jpg</filename>
	<path>/my-project-name/0013.jpg</path>
	<source>
		<database>Unspecified</database>
	</source>
	<size>
		<width>1020</width>
		<height>1024</height>
		<depth>3</depth>
	</size>
	<object>
		<name>WEED</name>
		<pose>Unspecified</pose>
		<truncated>0</truncated>
		<difficult>0</difficult>
		<bndbox>
			<xmin>148</xmin>
			<ymin>369</ymin>
			<xmax>403</xmax>
			<ymax>606</ymax>
		</bndbox>
	</object>
	<object>
		<name>WEED</name>
		<pose>Unspecified</pose>
		<truncated>0</truncated>
		<difficult>0</difficult>
		<bndbox>
			<xmin>645</xmin>
			<ymin>728</ymin>
			<xmax>984</xmax>
			<ymax>1005</ymax>
		</bndbox>
	</object>
	<object>
		<name>WEED</name>
		<pose>Unspecified</pose>
		<truncated>0</truncated>
		<difficult>0</difficult>
		<bndbox>
			<xmin>379</xmin>
			<ymin>19</ymin>
			<xmax>1020</xmax>
			<ymax>301</ymax>
		</bndbox>
	</object>
</annotation>