<annotation>
	<folder>my-project-name</folder>
	<filename>0014.jpg</filename>
	<path>/my-project-name/0014.jpg</path>
	<source>
		<database>Unspecified</database>
	</source>
	<size>
		<width>1024</width>
		<height>1024</height>
		<depth>3</depth>
	</size>
	<object>
		<name>WEED</name>
		<pose>Unspecified</pose>
		<truncated>0</truncated>
		<difficult>0</difficult>
		<bndbox>
			<xmin>402</xmin>
			<ymin>159</ymin>
			<xmax>764</xmax>
			<ymax>502</ymax>
		</bndbox>
	</object>
	<object>
		<name>WEED</name>
		<pose>Unspecified</pose>
		<truncated>0</truncated>
		<difficult>0</difficult>
		<bndbox>
			<xmin>839</xmin>
			<ymin>331</ymin>
			<xmax>1023</xmax>
			<ymax>585</ymax>
		</bndbox>
	</object>
	<object>
		<name>WEED</name>
		<pose>Unspecified</pose>
		<truncated>0</truncated>
		<difficult>0</difficult>
		<bndbox>
			<xmin>94</xmin>
			<ymin>273</ymin>
			<xmax>321</xmax>
			<ymax>592</ymax>
		</bndbox>
	</object>
</annotation>