<annotation>
	<folder>my-project-name</folder>
	<filename>1.jfif</filename>
	<path>/my-project-name/1.jfif</path>
	<source>
		<database>Unspecified</database>
	</source>
	<size>
		<width>275</width>
		<height>183</height>
		<depth>3</depth>
	</size>
	<object>
		<name>WEED</name>
		<pose>Unspecified</pose>
		<truncated>0</truncated>
		<difficult>0</difficult>
		<bndbox>
			<xmin>48</xmin>
			<ymin>90</ymin>
			<xmax>99</xmax>
			<ymax>155</ymax>
		</bndbox>
	</object>
	<object>
		<name>WEED</name>
		<pose>Unspecified</pose>
		<truncated>0</truncated>
		<difficult>0</difficult>
		<bndbox>
			<xmin>144</xmin>
			<ymin>128</ymin>
			<xmax>197</xmax>
			<ymax>180</ymax>
		</bndbox>
	</object>
	<object>
		<name>WEED</name>
		<pose>Unspecified</pose>
		<truncated>0</truncated>
		<difficult>0</difficult>
		<bndbox>
			<xmin>177</xmin>
			<ymin>58</ymin>
			<xmax>223</xmax>
			<ymax>106</ymax>
		</bndbox>
	</object>
	<object>
		<name>WEED</name>
		<pose>Unspecified</pose>
		<truncated>0</truncated>
		<difficult>0</difficult>
		<bndbox>
			<xmin>109</xmin>
			<ymin>36</ymin>
			<xmax>130</xmax>
			<ymax>69</ymax>
		</bndbox>
	</object>
	<object>
		<name>WEED</name>
		<pose>Unspecified</pose>
		<truncated>0</truncated>
		<difficult>0</difficult>
		<bndbox>
			<xmin>127</xmin>
			<ymin>20</ymin>
			<xmax>148</xmax>
			<ymax>43</ymax>
		</bndbox>
	</object>
	<object>
		<name>WEED</name>
		<pose>Unspecified</pose>
		<truncated>0</truncated>
		<difficult>0</difficult>
		<bndbox>
			<xmin>157</xmin>
			<ymin>8</ymin>
			<xmax>176</xmax>
			<ymax>22</ymax>
		</bndbox>
	</object>
	<object>
		<name>WEED</name>
		<pose>Unspecified</pose>
		<truncated>0</truncated>
		<difficult>0</difficult>
		<bndbox>
			<xmin>0</xmin>
			<ymin>146</ymin>
			<xmax>70</xmax>
			<ymax>171</ymax>
		</bndbox>
	</object>
</annotation>