<annotation>
	<folder>my-project-name</folder>
	<filename>10.jfif</filename>
	<path>/my-project-name/10.jfif</path>
	<source>
		<database>Unspecified</database>
	</source>
	<size>
		<width>260</width>
		<height>194</height>
		<depth>3</depth>
	</size>
	<object>
		<name>WEED</name>
		<pose>Unspecified</pose>
		<truncated>0</truncated>
		<difficult>0</difficult>
		<bndbox>
			<xmin>84</xmin>
			<ymin>7</ymin>
			<xmax>158</xmax>
			<ymax>45</ymax>
		</bndbox>
	</object>
	<object>
		<name>WEED</name>
		<pose>Unspecified</pose>
		<truncated>0</truncated>
		<difficult>0</difficult>
		<bndbox>
			<xmin>23</xmin>
			<ymin>60</ymin>
			<xmax>64</xmax>
			<ymax>106</ymax>
		</bndbox>
	</object>
	<object>
		<name>WEED</name>
		<pose>Unspecified</pose>
		<truncated>0</truncated>
		<difficult>0</difficult>
		<bndbox>
			<xmin>96</xmin>
			<ymin>78</ymin>
			<xmax>156</xmax>
			<ymax>117</ymax>
		</bndbox>
	</object>
	<object>
		<name>WEED</name>
		<pose>Unspecified</pose>
		<truncated>0</truncated>
		<difficult>0</difficult>
		<bndbox>
			<xmin>16</xmin>
			<ymin>129</ymin>
			<xmax>96</xmax>
			<ymax>159</ymax>
		</bndbox>
	</object>
	<object>
		<name>WEED</name>
		<pose>Unspecified</pose>
		<truncated>0</truncated>
		<difficult>0</difficult>
		<bndbox>
			<xmin>173</xmin>
			<ymin>99</ymin>
			<xmax>220</xmax>
			<ymax>146</ymax>
		</bndbox>
	</object>
	<object>
		<name>WEED</name>
		<pose>Unspecified</pose>
		<truncated>0</truncated>
		<difficult>0</difficult>
		<bndbox>
			<xmin>197</xmin>
			<ymin>156</ymin>
			<xmax>246</xmax>
			<ymax>190</ymax>
		</bndbox>
	</object>
</annotation>